,model,accuracy_score,0_precision,0_recall,1_precision,1_recall
5,XGBoost,0.7281858129315757,0.7389408099688474,0.7262706674831598,0.7172675521821632,0.7301996136509981
6,LightGBM,0.7272441933458883,0.7360939431396786,0.7293325168401714,0.7181122448979592,0.7250482936252415
3,RF,0.7225360954174513,0.7333333333333333,0.7207593386405389,0.7115749525616698,0.7244043786220219
8,AdaBoost,0.7197112366603892,0.7258852258852259,0.7281077770973668,0.7131782945736435,0.7108821635544108
7,SVM,0.7187696170747018,0.7194758784991067,0.739742804654011,0.7179827471798275,0.6967160334835801
4,GBM,0.7162586315128688,0.7221206581352834,0.7256582976117575,0.7100323624595469,0.7063747585318738
0,LOGR,0.7021343377275581,0.7050359712230215,0.7201469687691365,0.6989459815546772,0.683193818415969
1,KNN,0.6964846202134338,0.7142857142857143,0.6797305572565829,0.6795343137254902,0.7141017385705087
2,CART,0.6795354676710609,0.6939163498098859,0.670545009185548,0.6654228855721394,0.6889890534449453
